{
  "properties": {
    "my_working_collector": {
      "properties": {
        "flat": {
          "type": "keyword"
        },
        "my_str": {
          "type": "text"
        },
        "my_objects": {
          "properties": {
            "total": {
              "type": "number"
            },
            "type": {
              "type": "boolean"
            }
          }
        },
        "my_array": {
          "properties": {
            "total": {
              "type": "number"
            },
            "type": {
              "type": "boolean"
            }
          }
        },
        "my_str_array": { "type": "keyword" }
      }
    }
  }
}
