{"architecture":"amd64","config":{"Hostname":"","Domainname":"","User":"kibana","AttachStdin":false,"AttachStdout":false,"AttachStderr":false,"ExposedPorts":{"5601/tcp":{}},"Tty":false,"OpenStdin":false,"StdinOnce":false,"Env":["PATH=/usr/share/kibana/bin:/usr/local/sbin:/usr/local/bin:/usr/sbin:/usr/bin:/sbin:/bin","ELASTIC_CONTAINER=true"],"Cmd":["/usr/local/bin/kibana-docker"],"Image":"sha256:23c90026af5a17ba42656c35bdd89e44ab2b5c136fb3e50c53c54aa18c352c62","Volumes":null,"WorkingDir":"/usr/share/kibana","Entrypoint":["/usr/local/bin/dumb-init","--"],"OnBuild":null,"Labels":{"license":"Elastic License","org.label-schema.build-date":"2020-09-01T22:38:56.015Z","org.label-schema.license":"Elastic License","org.label-schema.name":"kibana","org.label-schema.schema-version":"1.0","org.label-schema.url":"https://www.elastic.co/products/kibana","org.label-schema.usage":"https://www.elastic.co/guide/en/kibana/index.html","org.label-schema.vcs-url":"https://github.com/elastic/kibana","org.label-schema.vendor":"Elastic","org.label-schema.version":"7.9.1","org.opencontainers.image.created":"2020-08-09 00:00:00+01:00","org.opencontainers.image.licenses":"GPL-2.0-only","org.opencontainers.image.title":"CentOS Base Image","org.opencontainers.image.vendor":"CentOS"}},"container":"fa20d48e8cb6d1b42f794fade44cb91f9960816a44075acb7f630561c0be5827","container_config":{"Hostname":"fa20d48e8cb6","Domainname":"","User":"kibana","AttachStdin":false,"AttachStdout":false,"AttachStderr":false,"ExposedPorts":{"5601/tcp":{}},"Tty":false,"OpenStdin":false,"StdinOnce":false,"Env":["PATH=/usr/share/kibana/bin:/usr/local/sbin:/usr/local/bin:/usr/sbin:/usr/bin:/sbin:/bin","ELASTIC_CONTAINER=true"],"Cmd":["/bin/sh","-c","#(nop) ","CMD [\"/usr/local/bin/kibana-docker\"]"],"Image":"sha256:23c90026af5a17ba42656c35bdd89e44ab2b5c136fb3e50c53c54aa18c352c62","Volumes":null,"WorkingDir":"/usr/share/kibana","Entrypoint":["/usr/local/bin/dumb-init","--"],"OnBuild":null,"Labels":{"license":"Elastic License","org.label-schema.build-date":"2020-09-01T22:38:56.015Z","org.label-schema.license":"Elastic License","org.label-schema.name":"kibana","org.label-schema.schema-version":"1.0","org.label-schema.url":"https://www.elastic.co/products/kibana","org.label-schema.usage":"https://www.elastic.co/guide/en/kibana/index.html","org.label-schema.vcs-url":"https://github.com/elastic/kibana","org.label-schema.vendor":"Elastic","org.label-schema.version":"7.9.1","org.opencontainers.image.created":"2020-08-09 00:00:00+01:00","org.opencontainers.image.licenses":"GPL-2.0-only","org.opencontainers.image.title":"CentOS Base Image","org.opencontainers.image.vendor":"CentOS"}},"created":"2020-09-01T22:44:25.155901954Z","docker_version":"19.03.8","history":[{"created":"2020-08-10T18:20:08.948813347Z","created_by":"/bin/sh -c #(nop) ADD file:61908381d3142ffba798ae9a904476d19b197ab79d0338f14bec0f76649df8d4 in / "},{"created":"2020-08-10T18:20:09.298928893Z","created_by":"/bin/sh -c #(nop)  LABEL org.label-schema.schema-version=1.0 org.label-schema.name=CentOS Base Image org.label-schema.vendor=CentOS org.label-schema.license=GPLv2 org.label-schema.build-date=20200809 org.opencontainers.image.title=CentOS Base Image org.opencontainers.image.vendor=CentOS org.opencontainers.image.licenses=GPL-2.0-only org.opencontainers.image.created=2020-08-09 00:00:00+01:00","empty_layer":true},{"created":"2020-08-10T18:20:09.474278304Z","created_by":"/bin/sh -c #(nop)  CMD [\"/bin/bash\"]","empty_layer":true},{"created":"2020-09-01T22:42:31.15563082Z","created_by":"/bin/sh -c #(nop)  EXPOSE 5601","empty_layer":true},{"created":"2020-09-01T22:42:47.498631459Z","created_by":"/bin/sh -c yum update -y \u0026\u0026 yum install -y fontconfig freetype shadow-utils \u0026\u0026 yum clean all"},{"created":"2020-09-01T22:42:49.808372645Z","created_by":"/bin/sh -c curl -L -o /usr/local/bin/dumb-init https://github.com/Yelp/dumb-init/releases/download/v1.2.2/dumb-init_1.2.2_amd64"},{"created":"2020-09-01T22:42:52.925457678Z","created_by":"/bin/sh -c echo \"37f2c1f0372a45554f1b89924fbb134fc24c3756efaedf11e07f599494e0eff9  /usr/local/bin/dumb-init\" | sha256sum -c -","empty_layer":true},{"created":"2020-09-01T22:42:55.611337902Z","created_by":"/bin/sh -c chmod +x /usr/local/bin/dumb-init"},{"created":"2020-09-01T22:44:02.809094291Z","created_by":"/bin/sh -c #(nop) COPY --chown=1000:0dir:986813b2cde16fd8e0d754221c8bb282c0fd24d00606f100439be003f892b7f2 in /usr/share/kibana "},{"created":"2020-09-01T22:44:04.667151803Z","created_by":"/bin/sh -c #(nop) WORKDIR /usr/share/kibana","empty_layer":true},{"created":"2020-09-01T22:44:07.011754984Z","created_by":"/bin/sh -c ln -s /usr/share/kibana /opt/kibana"},{"created":"2020-09-01T22:44:07.188370847Z","created_by":"/bin/sh -c #(nop)  ENV ELASTIC_CONTAINER=true","empty_layer":true},{"created":"2020-09-01T22:44:07.896424861Z","created_by":"/bin/sh -c #(nop)  ENV PATH=/usr/share/kibana/bin:/usr/local/sbin:/usr/local/bin:/usr/sbin:/usr/bin:/sbin:/bin","empty_layer":true},{"created":"2020-09-01T22:44:09.556987896Z","created_by":"/bin/sh -c #(nop) COPY --chown=1000:0file:ea1f294356f14dfc1a50e3303613e69f187589962058569d5b3282460d7f28cb in /usr/share/kibana/config/kibana.yml "},{"created":"2020-09-01T22:44:10.964431016Z","created_by":"/bin/sh -c #(nop) COPY --chown=1000:0file:49929e11929a90fcf66378d41dd877886d468312d3a58507814cd4315da06baf in /usr/local/bin/ "},{"created":"2020-09-01T22:44:14.682322093Z","created_by":"/bin/sh -c chmod g+ws /usr/share/kibana \u0026\u0026 find /usr/share/kibana -gid 0 -and -not -perm /g+w -exec chmod g+w {} \\;"},{"created":"2020-09-01T22:44:19.343759512Z","created_by":"/bin/sh -c find / -xdev -perm -4000 -exec chmod u-s {} +"},{"created":"2020-09-01T22:44:23.467454911Z","created_by":"/bin/sh -c groupadd --gid 1000 kibana \u0026\u0026 useradd --uid 1000 --gid 1000 --home-dir /usr/share/kibana --no-create-home kibana"},{"created":"2020-09-01T22:44:23.620054883Z","created_by":"/bin/sh -c #(nop)  USER kibana","empty_layer":true},{"created":"2020-09-01T22:44:24.692495718Z","created_by":"/bin/sh -c #(nop)  LABEL org.label-schema.schema-version=1.0 org.label-schema.vendor=Elastic org.label-schema.name=kibana org.label-schema.version=7.9.1 org.label-schema.url=https://www.elastic.co/products/kibana org.label-schema.vcs-url=https://github.com/elastic/kibana org.label-schema.license=Elastic License org.label-schema.usage=https://www.elastic.co/guide/en/kibana/index.html org.label-schema.build-date=2020-09-01T22:38:56.015Z license=Elastic License","empty_layer":true},{"created":"2020-09-01T22:44:24.999091131Z","created_by":"/bin/sh -c #(nop)  ENTRYPOINT [\"/usr/local/bin/dumb-init\" \"--\"]","empty_layer":true},{"created":"2020-09-01T22:44:25.155901954Z","created_by":"/bin/sh -c #(nop)  CMD [\"/usr/local/bin/kibana-docker\"]","empty_layer":true}],"os":"linux","rootfs":{"type":"layers","diff_ids":["sha256:613be09ab3c0860a5216936f412f09927947012f86bfa89b263dfa087a725f81","sha256:d81c06fbe333404e38b3cc7275978a683cc1737ed47475d663d6e7b62e95b4db","sha256:e8eada75eb7e9d895b48a00578d747387ac41b04a0276b816fca9e6c118a8b04","sha256:7cee859de459706f23a6341c28b450b7292d582cc2b0d201533b23b6276d4e22","sha256:73b591fb1c440bedb49bca62f482780cc3de0132b5661e0e9c373e2d90dfec2b","sha256:d62e4f6d94fd78124201944da304077511d41379c679f4327051e1b04508d34c","sha256:5f35a5a49900a845e87887e7cf34c4e7fabe581a6e6999747183f6087e6b3936","sha256:c80c9c8f95997a4b135ddfe400c0c99ba897ee6faa35d6df27a0689c8d741133","sha256:dbdc5d7d9bb1343dc3b511b899b9204abb55c18f6430ab04bdf8dd28f18fc3e0","sha256:7b9615bd41a3012da534e04b8e8b025ebd5ee957f3e716fd0dad65d66ecf9c42","sha256:e2e362ce9c59d78738e3f721908b59206af412196d7f8821ded46fc20612d6a7"]}}