{
  "prefix": "xpack",
  "paths": {
    "xpack.actions": "plugins/actions",
    "xpack.uiActionsEnhanced": ["plugins/ui_actions_enhanced", "examples/ui_actions_enhanced_examples"],
    "xpack.alerts": "plugins/alerts",
    "xpack.alertingBuiltins": "plugins/alerting_builtins",
    "xpack.apm": ["legacy/plugins/apm", "plugins/apm"],
    "xpack.beatsManagement": ["legacy/plugins/beats_management", "plugins/beats_management"],
    "xpack.canvas": "plugins/canvas",
    "xpack.cloud": "plugins/cloud",
    "xpack.dashboard": "plugins/dashboard_enhanced",
    "xpack.discover": "plugins/discover_enhanced",
    "xpack.crossClusterReplication": "plugins/cross_cluster_replication",
    "xpack.dashboardMode": "plugins/dashboard_mode",
    "xpack.data": "plugins/data_enhanced",
    "xpack.embeddableEnhanced": "plugins/embeddable_enhanced",
    "xpack.endpoint": "plugins/endpoint",
    "xpack.enterpriseSearch": "plugins/enterprise_search",
    "xpack.features": "plugins/features",
    "xpack.fileUpload": "plugins/file_upload",
    "xpack.globalSearch": ["plugins/global_search"],
    "xpack.graph": ["plugins/graph"],
    "xpack.grokDebugger": "plugins/grokdebugger",
    "xpack.idxMgmt": "plugins/index_management",
    "xpack.indexLifecycleMgmt": "plugins/index_lifecycle_management",
    "xpack.infra": "plugins/infra",
    "xpack.ingestManager": "plugins/ingest_manager",
    "xpack.ingestPipelines": "plugins/ingest_pipelines",
    "xpack.lens": "plugins/lens",
    "xpack.licenseMgmt": "plugins/license_management",
    "xpack.licensing": "plugins/licensing",
    "xpack.logstash": ["plugins/logstash", "legacy/plugins/logstash"],
    "xpack.main": "legacy/plugins/xpack_main",
    "xpack.maps": ["plugins/maps", "legacy/plugins/maps"],
    "xpack.ml": ["plugins/ml", "legacy/plugins/ml"],
    "xpack.monitoring": ["plugins/monitoring", "legacy/plugins/monitoring"],
    "xpack.remoteClusters": "plugins/remote_clusters",
    "xpack.painlessLab": "plugins/painless_lab",
    "xpack.reporting": ["plugins/reporting"],
    "xpack.rollupJobs": ["legacy/plugins/rollup", "plugins/rollup"],
    "xpack.searchProfiler": "plugins/searchprofiler",
    "xpack.security": "plugins/security",
    "xpack.server": "legacy/server",
    "xpack.securitySolution": "plugins/security_solution",
    "xpack.snapshotRestore": "plugins/snapshot_restore",
    "xpack.spaces": ["legacy/plugins/spaces", "plugins/spaces"],
    "xpack.taskManager": "legacy/plugins/task_manager",
    "xpack.transform": "plugins/transform",
    "xpack.triggersActionsUI": "plugins/triggers_actions_ui",
    "xpack.upgradeAssistant": "plugins/upgrade_assistant",
    "xpack.uptime": ["plugins/uptime"],
    "xpack.watcher": "plugins/watcher",
    "xpack.observability": "plugins/observability"
  },
  "translations": [
    "plugins/translations/translations/zh-CN.json",
    "plugins/translations/translations/ja-JP.json"
  ]
}
