{"architecture":"amd64","config":{"Hostname":"","Domainname":"","User":"","AttachStdin":false,"AttachStdout":false,"AttachStderr":false,"ExposedPorts":{"9200/tcp":{},"9300/tcp":{}},"Tty":false,"OpenStdin":false,"StdinOnce":false,"Env":["PATH=/usr/share/elasticsearch/bin:/usr/local/sbin:/usr/local/bin:/usr/sbin:/usr/bin:/sbin:/bin","ELASTIC_CONTAINER=true"],"Cmd":["eswrapper"],"Image":"sha256:2e8f863f060357784fb2b991dd42258af18ab6d4f678d344670bba60f3799532","Volumes":null,"WorkingDir":"/usr/share/elasticsearch","Entrypoint":["/tini","--","/usr/local/bin/docker-entrypoint.sh"],"OnBuild":null,"Labels":{"org.label-schema.build-date":"2020-09-01T21:22:21.964974Z","org.label-schema.license":"Elastic-License","org.label-schema.name":"Elasticsearch","org.label-schema.schema-version":"1.0","org.label-schema.url":"https://www.elastic.co/products/elasticsearch","org.label-schema.usage":"https://www.elastic.co/guide/en/elasticsearch/reference/index.html","org.label-schema.vcs-ref":"083627f112ba94dffc1232e8b42b73492789ef91","org.label-schema.vcs-url":"https://github.com/elastic/elasticsearch","org.label-schema.vendor":"Elastic","org.label-schema.version":"7.9.1","org.opencontainers.image.created":"2020-09-01T21:22:21.964974Z","org.opencontainers.image.documentation":"https://www.elastic.co/guide/en/elasticsearch/reference/index.html","org.opencontainers.image.licenses":"Elastic-License","org.opencontainers.image.revision":"083627f112ba94dffc1232e8b42b73492789ef91","org.opencontainers.image.source":"https://github.com/elastic/elasticsearch","org.opencontainers.image.title":"Elasticsearch","org.opencontainers.image.url":"https://www.elastic.co/products/elasticsearch","org.opencontainers.image.vendor":"Elastic","org.opencontainers.image.version":"7.9.1"}},"container":"4e4ac438f10296800c657e20e08af8c0918dc847db34748f6f60ee8d763fc5bd","container_config":{"Hostname":"4e4ac438f102","Domainname":"","User":"","AttachStdin":false,"AttachStdout":false,"AttachStderr":false,"ExposedPorts":{"9200/tcp":{},"9300/tcp":{}},"Tty":false,"OpenStdin":false,"StdinOnce":false,"Env":["PATH=/usr/share/elasticsearch/bin:/usr/local/sbin:/usr/local/bin:/usr/sbin:/usr/bin:/sbin:/bin","ELASTIC_CONTAINER=true"],"Cmd":["/bin/sh","-c","#(nop) ","CMD [\"eswrapper\"]"],"Image":"sha256:2e8f863f060357784fb2b991dd42258af18ab6d4f678d344670bba60f3799532","Volumes":null,"WorkingDir":"/usr/share/elasticsearch","Entrypoint":["/tini","--","/usr/local/bin/docker-entrypoint.sh"],"OnBuild":null,"Labels":{"org.label-schema.build-date":"2020-09-01T21:22:21.964974Z","org.label-schema.license":"Elastic-License","org.label-schema.name":"Elasticsearch","org.label-schema.schema-version":"1.0","org.label-schema.url":"https://www.elastic.co/products/elasticsearch","org.label-schema.usage":"https://www.elastic.co/guide/en/elasticsearch/reference/index.html","org.label-schema.vcs-ref":"083627f112ba94dffc1232e8b42b73492789ef91","org.label-schema.vcs-url":"https://github.com/elastic/elasticsearch","org.label-schema.vendor":"Elastic","org.label-schema.version":"7.9.1","org.opencontainers.image.created":"2020-09-01T21:22:21.964974Z","org.opencontainers.image.documentation":"https://www.elastic.co/guide/en/elasticsearch/reference/index.html","org.opencontainers.image.licenses":"Elastic-License","org.opencontainers.image.revision":"083627f112ba94dffc1232e8b42b73492789ef91","org.opencontainers.image.source":"https://github.com/elastic/elasticsearch","org.opencontainers.image.title":"Elasticsearch","org.opencontainers.image.url":"https://www.elastic.co/products/elasticsearch","org.opencontainers.image.vendor":"Elastic","org.opencontainers.image.version":"7.9.1"}},"created":"2020-09-01T21:27:24.571410026Z","docker_version":"19.03.8","history":[{"created":"2020-08-10T18:20:08.948813347Z","created_by":"/bin/sh -c #(nop) ADD file:61908381d3142ffba798ae9a904476d19b197ab79d0338f14bec0f76649df8d4 in / "},{"created":"2020-08-10T18:20:09.298928893Z","created_by":"/bin/sh -c #(nop)  LABEL org.label-schema.schema-version=1.0 org.label-schema.name=CentOS Base Image org.label-schema.vendor=CentOS org.label-schema.license=GPLv2 org.label-schema.build-date=20200809 org.opencontainers.image.title=CentOS Base Image org.opencontainers.image.vendor=CentOS org.opencontainers.image.licenses=GPL-2.0-only org.opencontainers.image.created=2020-08-09 00:00:00+01:00","empty_layer":true},{"created":"2020-08-10T18:20:09.474278304Z","created_by":"/bin/sh -c #(nop)  CMD [\"/bin/bash\"]","empty_layer":true},{"created":"2020-09-01T21:26:30.301602342Z","created_by":"/bin/sh -c #(nop)  ENV ELASTIC_CONTAINER=true","empty_layer":true},{"created":"2020-09-01T21:26:30.91197156Z","created_by":"/bin/sh -c #(nop) COPY file:df9158ae8b9b283e8ea5bd72d1e344c08dea733e283f9f0941833f467466323c in /tini "},{"created":"2020-09-01T21:26:48.17047212Z","created_by":"/bin/sh -c for iter in {1..10}; do yum update --setopt=tsflags=nodocs -y \u0026\u0026     yum install --setopt=tsflags=nodocs -y nc shadow-utils zip unzip \u0026\u0026     yum clean all \u0026\u0026 exit_code=0 \u0026\u0026 break || exit_code=$? \u0026\u0026 echo \"yum error: retry $iter in 10s\" \u0026\u0026 sleep 10; done;     (exit $exit_code)"},{"created":"2020-09-01T21:26:51.443555132Z","created_by":"/bin/sh -c groupadd -g 1000 elasticsearch \u0026\u0026     adduser -u 1000 -g 1000 -G 0 -d /usr/share/elasticsearch elasticsearch \u0026\u0026     chmod 0775 /usr/share/elasticsearch \u0026\u0026     chgrp 0 /usr/share/elasticsearch"},{"created":"2020-09-01T21:26:51.694571538Z","created_by":"/bin/sh -c #(nop) WORKDIR /usr/share/elasticsearch","empty_layer":true},{"created":"2020-09-01T21:27:13.884732819Z","created_by":"/bin/sh -c #(nop) COPY --chown=1000:0dir:8031ea9e5da42c4f0d33bf9c91dc33bd5bf17f2836821516848268e0bd971c54 in /usr/share/elasticsearch "},{"created":"2020-09-01T21:27:19.404601096Z","created_by":"/bin/sh -c ln -sf /etc/pki/ca-trust/extracted/java/cacerts /usr/share/elasticsearch/jdk/lib/security/cacerts"},{"created":"2020-09-01T21:27:19.611335686Z","created_by":"/bin/sh -c #(nop)  ENV PATH=/usr/share/elasticsearch/bin:/usr/local/sbin:/usr/local/bin:/usr/sbin:/usr/bin:/sbin:/bin","empty_layer":true},{"created":"2020-09-01T21:27:19.851376777Z","created_by":"/bin/sh -c #(nop) COPY file:d964df1452418918baf1d29ee20df18c9648ca6c9d51764640fca470bd9a9366 in /usr/local/bin/docker-entrypoint.sh "},{"created":"2020-09-01T21:27:21.642159932Z","created_by":"/bin/sh -c chmod g=u /etc/passwd \u0026\u0026     chmod 0775 /usr/local/bin/docker-entrypoint.sh"},{"created":"2020-09-01T21:27:23.496557801Z","created_by":"/bin/sh -c find / -xdev -perm -4000 -exec chmod ug-s {} +"},{"created":"2020-09-01T21:27:23.731128912Z","created_by":"/bin/sh -c #(nop)  EXPOSE 9200 9300","empty_layer":true},{"created":"2020-09-01T21:27:23.954476738Z","created_by":"/bin/sh -c #(nop)  LABEL org.label-schema.build-date=2020-09-01T21:22:21.964974Z org.label-schema.license=Elastic-License org.label-schema.name=Elasticsearch org.label-schema.schema-version=1.0 org.label-schema.url=https://www.elastic.co/products/elasticsearch org.label-schema.usage=https://www.elastic.co/guide/en/elasticsearch/reference/index.html org.label-schema.vcs-ref=083627f112ba94dffc1232e8b42b73492789ef91 org.label-schema.vcs-url=https://github.com/elastic/elasticsearch org.label-schema.vendor=Elastic org.label-schema.version=7.9.1 org.opencontainers.image.created=2020-09-01T21:22:21.964974Z org.opencontainers.image.documentation=https://www.elastic.co/guide/en/elasticsearch/reference/index.html org.opencontainers.image.licenses=Elastic-License org.opencontainers.image.revision=083627f112ba94dffc1232e8b42b73492789ef91 org.opencontainers.image.source=https://github.com/elastic/elasticsearch org.opencontainers.image.title=Elasticsearch org.opencontainers.image.url=https://www.elastic.co/products/elasticsearch org.opencontainers.image.vendor=Elastic org.opencontainers.image.version=7.9.1","empty_layer":true},{"created":"2020-09-01T21:27:24.401587168Z","created_by":"/bin/sh -c #(nop)  ENTRYPOINT [\"/tini\" \"--\" \"/usr/local/bin/docker-entrypoint.sh\"]","empty_layer":true},{"created":"2020-09-01T21:27:24.571410026Z","created_by":"/bin/sh -c #(nop)  CMD [\"eswrapper\"]","empty_layer":true}],"os":"linux","rootfs":{"type":"layers","diff_ids":["sha256:613be09ab3c0860a5216936f412f09927947012f86bfa89b263dfa087a725f81","sha256:9b49e0ed833f79ce3244e59bda679eada0275e8f8450652a41ab875ae0f0ed4a","sha256:f6920f21342249d31fcb6a49fbd4c1e77c0363a87d1c2b4414353fda2395498b","sha256:d02f0f252b044011fc61b0e2629c6914800700de7927cbc5199cca14020a582f","sha256:928561737f24d2a58f151567335881d4e3692f44651e80164f22bb7225153580","sha256:838932930317378807bcf2397c6d1984df3992ba1310f95b95a6dc99f82fbd4b","sha256:dedaea7b9775418c6a7e18ddf2b19655ec2ebf10ce31c5d0fcc33540afa160e9","sha256:1d651d26e0abb8e89383cb860248432469819f6e35d1de698e70689cc2e35b33","sha256:13cbc7f1710bd5653049ecfaa60fc6d3c954ef26d0f02ef51f83adc3194e7d33"]}}